[
    {
        "id": "1",
        "question": "What is the capital of India?",
        "options": [
            "Mumbai",
            "New Delhi",
            "Chennai",
            "Kolkata"
        ],
        "answer": [
            "New Delhi"
        ]
    },
    {
        "id": "2",
        "question": "What is the highest mountain in the world?",
        "options": [
            "Lhotse",
            "Kangchenjunga",
            "Mount Everest",
            "K2"
        ],
        "answer": [
            "Mount Everest"
        ]
    },
    {
        "id": "3",
        "question": "What is the longest river in the world?",
        "options": [
            "Yangtze River",
            "Mississippi River",
            "Nile River",
            "Amazon River"
        ],
        "answer": [
            "Nile River"
        ]
    },
    {
        "id": "4",
        "question": "What is the largest ocean in the world?",
        "options": [
            "Atlantic Ocean",
            "Arctic Ocean",
            "Indian Ocean",
            "Pacific Ocean"
        ],
        "answer": [
            "Pacific Ocean"
        ]
    },
    {
        "id": "5",
        "question": "What is the largest country in the world by land area?",
        "options": [
            "Canada",
            "China",
            "United States",
            "Russia"
        ],
        "answer": [
            "Russia"
        ]
    },
    {
        "id": "6",
        "question": "What is the currency of Japan?",
        "options": [
            "Pound",
            "Euro",
            "Yen",
            "Dollar"
        ],
        "answer": [
            "Yen"
        ]
    },
    {
        "id": "7",
        "question": "What is the capital of Brazil?",
        "options": [
            "São Paulo",
            "Belo Horizonte",
            "Brasília",
            "Rio de Janeiro"
        ],
        "answer": [
            "Brasília"
        ]
    }
]